	Layer	Input(BS, Ni, Lr, Lc)	Filter(No, Ni, Fr, Fc)	Output(BS, No, Mr, Mc)	Sampling(Sr, Sc)	In_Mem	In_Move	Out_Mem	Out_Move	Band	Band_time	BLAS(M, N, K)	MACs	MAC_Unit	MAC_Cycle	Cx_Mem	Cx_Move	Time_serial	Time_parallel	Param #
1	Conv2d-1	[-1, 1, 28, 28]	[10, 1, 5, 5]	[-1, 10, 24, 24]	(1, 1)	784	0	5760	0	33177600	0.00648	[10, 576, 25]	144000	1024	1.40625e-07	7840	1	0.006480140624999999	0.00648	tensor(260)
2	Conv2d-2	[-1, 10, 12, 12]	[20, 10, 5, 5]	[-1, 20, 8, 8]	(1, 1)	1440	0	1280	0	1638400	0.00032	[20, 64, 250]	32000	1024	3.125e-08	28800	1	0.00032003125	0.00032	tensor(5020)
3	Dropout2d-3	[-1, 20, 8, 8]	[20, 20, 1, 1]	[-1, 20, 8, 8]		1280	0	1280	0	1638400	0.00032			32	0	0	0	0.00032	0.00032	0
4	Linear-4	[-1, 320]	[50, 320, 1, 1]	[-1, 50]		320	0	50	0	2500	4.8828125e-07	[50, 1, 320]	16000	32	5e-07	16000	1	9.882812499999999e-07	5e-07	tensor(16050)
5	Linear-5	[-1, 50]	[10, 50, 1, 1]	[-1, 10]		50	0	10	0	100	1.953125e-08	[10, 1, 50]	500	32	1.5625e-08	500	1	3.515625e-08	1.953125e-08	tensor(510)
